review,expected_sentiment
"The performances were excellent, the story had real emotional depth, and the ending was satisfying.",positive
A beautifully photographed film with memorable characters and a thoughtful script.,positive
"The movie was funny, warm, and surprisingly moving from beginning to end.",positive
Strong direction and believable acting made this one of the most enjoyable films I have seen recently.,positive
"The plot was slow, the dialogue felt artificial, and the performances were disappointing.",negative
I struggled to finish this film because the story was confusing and the characters were uninteresting.,negative
"The movie looked promising, but it became repetitive, predictable, and frustrating.",negative
Poor pacing and weak writing made the entire experience feel much longer than it was.,negative
"The acting was good, although the story was uneven and the final scene did not work for me.",mixed
"It was not a perfect movie, but several scenes were creative and genuinely entertaining.",mixed
"The first half was dull, while the second half delivered a surprisingly effective conclusion.",mixed
"Visually impressive but emotionally distant, with moments that were both engaging and frustrating.",mixed
