temperature,characters,unique_characters,unique_character_ratio,unique_trigram_ratio,repeated_trigram_ratio,alphabetic_ratio,whitespace_ratio,generated_text
0.3,419,18,0.04295942720763723,0.2278177458033573,0.7721822541966427,0.7613365155131265,0.2386634844868735,Alice was beginning to and and the was she was down the was she was and the was she was she said the war it was loughing so the was she was she was she the wear the she wist the wat and the wat and the she she sar and and all the was she was the was she was and the was she wean she was all and and and the was the were and the she was she was she she was she were was she was she sare and and and the wat the cat it wa
0.7,419,26,0.06205250596658711,0.6187050359712231,0.38129496402877694,0.7780429594272077,0.21479713603818615,"Alice was beginning mosered is she sat shitg of thing all she now, she
wher painge she and waid the mome she cound ig to growe ard foos the the readed she were it of shat co litoke if as at ind antarst it maser as anighton and and as she seery was allon’t saily oning it reat a let but de ald the wo calle lich wat with and of bed and it wore to keought selat to snose the ritting aid the was bet it wisher, what and pl"
1.0,419,38,0.09069212410501193,0.7745803357314148,0.22541966426858517,0.7422434367541766,0.19331742243436753,"Alice was beginning it aver inthen of snever ie rowe in inges, to eraibrist of the she Mides ald porer I me nereed if woult. Shat disels, ond hagf! dfthe,
“Thas whel no spat peous uice to the wach—yow, and as vedold!”

“po ald, lot the Rrike,, “Ang any wors ate ons, and me soce as at cae agaon-hers didge licl watpyer, and not be and it wore!” the sars lat!”
yous.”

And omentant ablesedot in at hinthen’t-cot ot
long,"
1.2,419,39,0.09307875894988067,0.841726618705036,0.15827338129496404,0.7541766109785203,0.16706443914081145,"Alice was beginning, wicusp intire matlo.”,, fadgive mach shis, theac_
tiound apinh. Thancer ale?t shie

“I marge readying—to eat! Icctore?” (fapec. Ather
who hever, licppen, and at andisey ofnabl’thowf the sevees coued,” _Alas, she so bure, “Ot
op any wors
bto kiss hertee, that sher eca be rore, waid on heas wattyer, Ih,” domand hemendy, and the sars lat uetonout of and otoelt being hould bet it wnon’tt tich!
Briik"
